EEID,FirstName,LastName,MiddleName,Name,NameFirstInitial,Title,Region,Location,Category,SupervisorID,SupervisorName,NameSupFirstInitial,Email
9010,Butt U,Benton John B Jr,John,Benton John B Jr,Orleans,Title34,Region C,Location B,AFTR,5633,Babinsky Tiffany G.,Castellanos Eduardo,bikram.enest@gmail.com
9011,Darakjy U,Chanay Jeffrey A Esq,Jeffrey,Chanay Jeffrey A Esq,Livingston,Title35,Region C,Location B,AFTR,5196,Babinsky Tiffany G.,Cranke Melanie A.,bikram.enest@gmail.com
9012,Venere U,Chemel James L Cpa,James,Chemel James L Cpa,Gloucester,Title36,Region C,Location B,AFTR,9691,Flick Roxana P.,Roxana F,bikram.enest@gmail.com
9013,Paprocki U,Feltz Printing Service,Printing,Feltz Printing Service,Anchorage,Title37,Region D,Location B,AFTR,2981,Gibb Laura R.,Laura G,bikram.enest@gmail.com
9014,Foller Z,Printing Dimensions,Dimensions,Printing Dimensions,Butler,Title38,Region D,Location B,AFTR,5413,Kinsey Sean D.,Sean K,bikram.enest@gmail.com
9015,Foller Z,Printing Dimensions,Dimensions,Printing Dimensions,Butler,Title38,Region D,Location B,AFTR,5413,Kinsey Sean D.,Sean K,bikram.enest@gmail.com
9016,Foller Z,Printing Dimensions,Dimensions,Printing Dimensions,Butler,Title38,Region D,Location B,AFTR,5413,Kinsey Sean D.,Sean K,bikram.enest@gmail.com
9017,Foller Z,Printing Dimensions,Dimensions,Printing Dimensions,Butler,Title38,Region D,Location B,AFTR,5413,Kinsey Sean D.,Sean K,bikram.enest@gmail.com
9018,Foller Z,Printing Dimensions,Dimensions,Printing Dimensions,Butler,Title38,Region D,Location B,AFTR,5413,Kinsey Sean D.,Sean K,bikram.enest@gmail.com
9019,Foller Z,Printing Dimensions,Dimensions,Printing Dimensions,Butler,Title38,Region D,Location B,AFTR,5413,Kinsey Sean D.,Sean K,bikram.enest@gmail.com
9020,Foller I,Printing Dimensions,Dimensions,Printing Dimensions,Butler,Title38,Region D,Location B,AFTR,5413,Kinsey Sean D.,Sean K,bikram.enest@gmail.com
9021,Foller I,Printing Dimensions,Dimensions,Printing Dimensions,Butler,Title38,Region D,Location B,AFTR,5413,Kinsey Sean D.,Sean K,bikram.enest@gmail.com
9022,Foller I,Printing Dimensions,Dimensions,Printing Dimensions,Butler,Title38,Region D,Location B,AFTR,5413,Kinsey Sean D.,Sean K,bikram.enest@gmail.com
9023,Foller I,Printing Dimensions,Dimensions,Printing Dimensions,Butler,Title38,Region D,Location B,AFTR,5413,Kinsey Sean D.,Sean K,bikram.enest@gmail.com
9024,Foller I,Printing Dimensions,Dimensions,Printing Dimensions,Butler,Title38,Region D,Location B,AFTR,5413,Kinsey Sean D.,Sean K,bikram.enest@gmail.com
9025,Foller I,Printing Dimensions,Dimensions,Printing Dimensions,Butler,Title38,Region D,Location B,AFTR,5413,Kinsey Sean D.,Sean K,bikram.enest@gmail.com
9026,Foller I,Printing Dimensions,Dimensions,Printing Dimensions,Butler,Title38,Region D,Location B,AFTR,5413,Kinsey Sean D.,Sean K,bikram.enest@gmail.com
9027,Foller I,Printing Dimensions,Dimensions,Printing Dimensions,Butler,Title38,Region D,Location B,AFTR,5413,Kinsey Sean D.,Sean K,bikram.enest@gmail.com
9028,Foller I,Printing Dimensions,Dimensions,Printing Dimensions,Butler,Title38,Region D,Location B,AFTR,5413,Kinsey Sean D.,Sean K,bikram.enest@gmail.com
9029,Foller I,Printing Dimensions,Dimensions,Printing Dimensions,Butler,Title38,Region D,Location B,AFTR,5413,Kinsey Sean D.,Sean K,bikram.enest@gmail.com
9030,Foller I,Printing Dimensions,Dimensions,Printing Dimensions,Butler,Title38,Region D,Location B,AFTR,5413,Kinsey Sean D.,Sean K,bikram.enest@gmail.com
9031,Foller I,Printing Dimensions,Dimensions,Printing Dimensions,Butler,Title38,Region D,Location B,AFTR,5413,Kinsey Sean D.,Sean K,bikram.enest@gmail.com
9032,Foller I,Printing Dimensions,Dimensions,Printing Dimensions,Butler,Title38,Region D,Location B,AFTR,5413,Kinsey Sean D.,Sean K,bikram.enest@gmail.com
9033,Foller U,Printing Dimensions,Dimensions,Printing Dimensions,Butler,Title38,Region D,Location B,AFTR,5413,Kinsey Sean D.,Sean K,bikram.enest@gmail.com
9034,Foller U,Printing Dimensions,Dimensions,Printing Dimensions,Butler,Title38,Region D,Location B,AFTR,5413,Kinsey Sean D.,Sean K,bikram.enest@gmail.com
9035,Foller U,Printing Dimensions,Dimensions,Printing Dimensions,Butler,Title38,Region D,Location B,AFTR,5413,Kinsey Sean D.,Sean K,bikram.enest@gmail.com
9036,Foller U,Printing Dimensions,Dimensions,Printing Dimensions,Butler,Title38,Region D,Location B,AFTR,5413,Kinsey Sean D.,Sean K,bikram.enest@gmail.com
9037,Foller U,Printing Dimensions,Dimensions,Printing Dimensions,Butler,Title38,Region D,Location B,AFTR,5413,Kinsey Sean D.,Sean K,bikram.enest@gmail.com
9038,Foller U,Printing Dimensions,Dimensions,Printing Dimensions,Butler,Title38,Region D,Location B,AFTR,5413,Kinsey Sean D.,Sean K,bikram.enest@gmail.com
9039,Foller U,Printing Dimensions,Dimensions,Printing Dimensions,Butler,Title38,Region D,Location B,AFTR,5413,Kinsey Sean D.,Sean K,bikram.enest@gmail.com
9040,Foller U,Printing Dimensions,Dimensions,Printing Dimensions,Butler,Title38,Region D,Location B,AFTR,5413,Kinsey Sean D.,Sean K,bikram.enest@gmail.com
9041,Foller U,Printing Dimensions,Dimensions,Printing Dimensions,Butler,Title38,Region D,Location B,AFTR,5413,Kinsey Sean D.,Sean K,bikram.enest@gmail.com
9042,Foller U,Printing Dimensions,Dimensions,Printing Dimensions,Butler,Title38,Region D,Location B,AFTR,5413,Kinsey Sean D.,Sean K,bikram.enest@gmail.com
9043,Foller U,Printing Dimensions,Dimensions,Printing Dimensions,Butler,Title38,Region D,Location B,AFTR,5413,Kinsey Sean D.,Sean K,bikram.enest@gmail.com
9044,Foller U,Printing Dimensions,Dimensions,Printing Dimensions,Butler,Title38,Region D,Location B,AFTR,5413,Kinsey Sean D.,Sean K,bikram.enest@gmail.com
9045,Foller U,Printing Dimensions,Dimensions,Printing Dimensions,Butler,Title38,Region D,Location B,AFTR,5413,Kinsey Sean D.,Sean K,bikram.enest@gmail.com
9046,Foller U,Printing Dimensions,Dimensions,Printing Dimensions,Butler,Title38,Region D,Location B,AFTR,5413,Kinsey Sean D.,Sean K,bikram.enest@gmail.com
9047,Foller U,Printing Dimensions,Dimensions,Printing Dimensions,Butler,Title38,Region D,Location B,AFTR,5413,Kinsey Sean D.,Sean K,bikram.enest@gmail.com
9048,Foller U,Printing Dimensions,Dimensions,Printing Dimensions,Butler,Title38,Region D,Location B,AFTR,5413,Kinsey Sean D.,Sean K,bikram.enest@gmail.com
9049,Foller U,Printing Dimensions,Dimensions,Printing Dimensions,Butler,Title38,Region D,Location B,AFTR,5413,Kinsey Sean D.,Sean K,bikram.enest@gmail.com
9050,Foller U,Printing Dimensions,Dimensions,Printing Dimensions,Butler,Title38,Region D,Location B,AFTR,5413,Kinsey Sean D.,Sean K,bikram.enest@gmail.com
9051,Foller U,Printing Dimensions,Dimensions,Printing Dimensions,Butler,Title38,Region D,Location B,AFTR,5413,Kinsey Sean D.,Sean K,bikram.enest@gmail.com
9052,Foller U,Printing Dimensions,Dimensions,Printing Dimensions,Butler,Title38,Region D,Location B,AFTR,5413,Kinsey Sean D.,Sean K,bikram.enest@gmail.com
9053,Foller U,Printing Dimensions,Dimensions,Printing Dimensions,Butler,Title38,Region D,Location B,AFTR,5413,Kinsey Sean D.,Sean K,bikram.enest@gmail.com
9014,Foller U,Printing Dimensions,Dimensions,Printing Dimensions,Butler,Title38,Region D,Location B,AFTR,5413,Kinsey Sean D.,Sean K,bikram.enest@gmail.com
9014,Foller U,Printing Dimensions,Dimensions,Printing Dimensions,Butler,Title38,Region D,Location B,AFTR,5413,Kinsey Sean D.,Sean K,bikram.enest@gmail.com
9014,Foller U,Printing Dimensions,Dimensions,Printing Dimensions,Butler,Title38,Region D,Location B,AFTR,5413,Kinsey Sean D.,Sean K,bikram.enest@gmail.com
9014,Foller U,Printing Dimensions,Dimensions,Printing Dimensions,Butler,Title38,Region D,Location B,AFTR,5413,Kinsey Sean D.,Sean K,bikram.enest@gmail.com
9014,Foller U,Printing Dimensions,Dimensions,Printing Dimensions,Butler,Title38,Region D,Location B,AFTR,5413,Kinsey Sean D.,Sean K,bikram.enest@gmail.com
9014,Foller U,Printing Dimensions,Dimensions,Printing Dimensions,Butler,Title38,Region D,Location B,AFTR,5413,Kinsey Sean D.,Sean K,bikram.enest@gmail.com
9014,Foller U,Printing Dimensions,Dimensions,Printing Dimensions,Butler,Title38,Region D,Location B,AFTR,5413,Kinsey Sean D.,Sean K,bikram.enest@gmail.com
9014,Foller U,Printing Dimensions,Dimensions,Printing Dimensions,Butler,Title38,Region D,Location B,AFTR,5413,Kinsey Sean D.,Sean K,bikram.enest@gmail.com

